-- V10: Additional texts for RSVP and Syntagm Reading exercises
-- 9 texts (IDs 4-12), 6 questions each, 4 options each

INSERT INTO texts (id, title, content, difficulty)
VALUES
    (4, 'Мотивація',
     'У психології мотивація визначається як внутрішній або зовнішній процес, який спонукає людину до дії, підтримує її активність та спрямовує поведінку до досягнення певної мети. Внутрішня мотивація виникає тоді, коли діяльність приносить задоволення сама по собі, тоді як зовнішня мотивація пов''язана з винагородами або уникненням покарання. Дослідники вважають, що мотивація залежить від потреб, цінностей і очікувань людини. Вона може змінюватися під впливом зовнішніх обставин, соціального середовища та особистого досвіду. Важливу роль відіграє також рівень самодисципліни та здатність до саморегуляції. Недостатня мотивація може призводити до зниження продуктивності, втрати інтересу до діяльності та навіть емоційного вигорання. У той же час надмірна зовнішня мотивація може зменшувати внутрішню зацікавленість у діяльності. Розвиток мотивації часто пов''язаний із постановкою чітких цілей, плануванням і регулярною оцінкою результатів. Підтримка з боку оточення також може значно впливати на рівень мотивації людини.',
     'medium'),
    (5, 'Стрес',
     'Стрес — це фізіологічна та психологічна реакція організму на вплив факторів, які порушують його рівновагу. Він може виникати як у відповідь на небезпеку, так і внаслідок тривалого емоційного напруження або перевантаження. Існують різні види стресу: короткочасний, який може навіть мобілізувати ресурси організму, та хронічний, що негативно впливає на здоров''я. Основними причинами стресу можуть бути робочі проблеми, конфлікти, фінансові труднощі або невизначеність у майбутньому. Фізичні прояви стресу включають підвищене серцебиття, втому, головний біль і проблеми зі сном. Психологічні прояви можуть включати тривогу, дратівливість і зниження концентрації. Тривалий стрес може призвести до серйозних захворювань, включаючи серцево-судинні проблеми та депресію. Тому важливо вміти управляти стресом за допомогою відпочинку, фізичної активності та психологічної підтримки.',
     'medium'),
    (6, 'Пам''ять',
     'Пам''ять — це здатність людини зберігати, відтворювати та використовувати інформацію. Вона є ключовим елементом пізнавальної діяльності та забезпечує навчання і адаптацію до навколишнього середовища. Існує кілька видів пам''яті: короткочасна, довготривала та оперативна. Короткочасна пам''ять зберігає інформацію на короткий період, тоді як довготривала може утримувати дані протягом усього життя. Пам''ять залежить від уваги, емоційного стану та повторення інформації. Чим частіше інформація повторюється, тим більша ймовірність її збереження. Емоційно значущі події також краще запам''ятовуються. Порушення пам''яті можуть бути пов''язані з віком, стресом або захворюваннями. Для покращення пам''яті рекомендується тренувати мозок, вести здоровий спосіб життя та забезпечувати достатній сон.',
     'medium'),
    (7, 'Емоції',
     'Емоції — це психічні процеси, які відображають ставлення людини до подій, об''єктів або людей. Вони відіграють важливу роль у прийнятті рішень та формуванні поведінки. Емоції можуть бути позитивними або негативними, короткочасними або тривалими. До основних емоцій відносять радість, страх, гнів, сум і здивування. Вони тісно пов''язані з фізіологічними реакціями організму, такими як зміна серцебиття або дихання. Емоції також впливають на мислення та пам''ять. Контроль емоцій є важливою навичкою, яка допомагає уникати конфліктів і приймати раціональні рішення. Розвиток емоційного інтелекту сприяє кращому розумінню себе та інших.',
     'easy'),
    (8, 'Самодисципліна',
     'Самодисципліна — це здатність людини контролювати свою поведінку, емоції та дії для досягнення довгострокових цілей. Вона є важливим фактором успіху в навчанні, роботі та особистому житті. Люди з високим рівнем самодисципліни здатні відкладати миттєві задоволення заради майбутніх результатів. Вони планують свої дії, дотримуються графіків і виконують поставлені завдання. Самодисципліна формується поступово через звички, самоконтроль і мотивацію. Вона може розвиватися через регулярні тренування, постановку цілей і аналіз власних дій. Відсутність самодисципліни може призвести до прокрастинації, неефективності та невиконання завдань. Тому її розвиток є важливим для досягнення успіху.',
     'medium'),
    (9, 'Увага',
     'Увага — це здатність людини зосереджуватися на певних об''єктах або діяльності. Вона дозволяє ефективно обробляти інформацію та виконувати завдання. Існують різні види уваги: довільна, мимовільна та післядовільна. Довільна увага потребує свідомого зусилля, тоді як мимовільна виникає автоматично. Рівень уваги залежить від інтересу, мотивації та фізичного стану людини. Втома та стрес можуть знижувати концентрацію. Розвиток уваги можливий через тренування, медитацію та організацію робочого середовища.',
     'easy'),
    (10, 'Навчання',
     'Навчання — це процес отримання знань, умінь і навичок. Воно є основою розвитку людини та її адаптації до змін. Існують різні методи навчання: практичний, теоретичний та змішаний. Ефективність навчання залежить від мотивації, середовища та методів викладання. Регулярне повторення та практика сприяють кращому засвоєнню матеріалу. Важливо також враховувати індивідуальні особливості учня. Сучасні технології значно розширюють можливості навчання, роблячи його доступнішим.',
     'easy'),
    (11, 'Звички',
     'Звички — це автоматизовані дії, які формуються в результаті повторення. Вони значно впливають на поведінку людини та її спосіб життя. Формування звичок відбувається через повторення дій у певних умовах. З часом ці дії стають автоматичними і не потребують значних зусиль. Звички можуть бути як корисними, так і шкідливими. Корисні звички сприяють розвитку, тоді як шкідливі можуть шкодити здоров''ю та продуктивності. Зміна звичок потребує часу, мотивації та системного підходу.',
     'easy'),
    (12, 'Критичне мислення',
     'Критичне мислення — це здатність аналізувати інформацію, оцінювати її достовірність та робити обґрунтовані висновки. Воно є важливою навичкою в сучасному інформаційному суспільстві. Люди з розвиненим критичним мисленням здатні ставити запитання, перевіряти факти та уникати упереджень. Вони аналізують інформацію з різних джерел і роблять власні висновки. Критичне мислення допомагає приймати правильні рішення та уникати маніпуляцій. Воно також сприяє розвитку логіки та аргументації. Розвиток цієї навички можливий через навчання, аналіз інформації та практику.',
     'hard');

SELECT SETVAL('texts_id_seq', (SELECT MAX(id) FROM texts));

-- ─── Мотивація (text 4, questions 10–15) ───────────────────────────────────

INSERT INTO questions (id, text_id, question_text, correct_index)
VALUES (10, 4, 'Що таке мотивація?', 1),
       (11, 4, 'Чим відрізняється внутрішня мотивація від зовнішньої?', 1),
       (12, 4, 'Від чого залежить мотивація?', 1),
       (13, 4, 'Як зовнішнє середовище впливає на мотивацію?', 2),
       (14, 4, 'До чого може призвести недостатня мотивація?', 2),
       (15, 4, 'Які фактори допомагають розвивати мотивацію?', 3);

INSERT INTO question_options (question_id, option_text, sort_order)
VALUES (10, 'Зовнішня нагорода за результат', 0),
       (10, 'Процес, що спонукає людину до дії та спрямовує поведінку', 1),
       (10, 'Стан психічного спокою', 2),
       (10, 'Вид фізичного навантаження', 3),
       (11, 'Внутрішня виникає від покарання, зовнішня — від задоволення', 0),
       (11, 'Внутрішня виникає від задоволення діяльністю, зовнішня — від нагород', 1),
       (11, 'Вони не відрізняються', 2),
       (11, 'Внутрішня залежить виключно від грошей', 3),
       (12, 'Виключно від генетики', 0),
       (12, 'Від потреб, цінностей і очікувань людини', 1),
       (12, 'Від часу доби', 2),
       (12, 'Від зовнішнього вигляду', 3),
       (13, 'Ніяк не впливає', 0),
       (13, 'Завжди підсилює мотивацію', 1),
       (13, 'Може змінювати рівень мотивації', 2),
       (13, 'Завжди знижує мотивацію', 3),
       (14, 'До підвищення продуктивності', 0),
       (14, 'До творчого піднесення', 1),
       (14, 'До зниження продуктивності та емоційного вигорання', 2),
       (14, 'До покращення здоров''я', 3),
       (15, 'Уникнення будь-яких цілей', 0),
       (15, 'Хаотичні дії без плану', 1),
       (15, 'Пасивне очікування результатів', 2),
       (15, 'Чіткі цілі, планування та підтримка оточення', 3);

-- ─── Стрес (text 5, questions 16–21) ───────────────────────────────────────

INSERT INTO questions (id, text_id, question_text, correct_index)
VALUES (16, 5, 'Що таке стрес?', 1),
       (17, 5, 'Які існують види стресу?', 2),
       (18, 5, 'Які основні причини стресу?', 3),
       (19, 5, 'Які фізичні прояви стресу?', 1),
       (20, 5, 'Які психологічні прояви стресу?', 2),
       (21, 5, 'До яких наслідків може призвести тривалий стрес?', 1);

INSERT INTO question_options (question_id, option_text, sort_order)
VALUES (16, 'Позитивна емоція радості', 0),
       (16, 'Реакція організму на чинники, що порушують рівновагу', 1),
       (16, 'Вид фізичного навантаження', 2),
       (16, 'Стан глибокого сну', 3),
       (17, 'Активний і пасивний', 0),
       (17, 'Позитивний і негативний', 1),
       (17, 'Короткочасний і хронічний', 2),
       (17, 'Фізичний і хімічний', 3),
       (18, 'Надмір позитивних емоцій', 0),
       (18, 'Виключно природні катастрофи', 1),
       (18, 'Тільки фінансові труднощі', 2),
       (18, 'Робочі проблеми, конфлікти та фінансові труднощі', 3),
       (19, 'Покращення сну та зниження серцебиття', 0),
       (19, 'Підвищене серцебиття, втома та головний біль', 1),
       (19, 'Збільшення апетиту та підвищення настрою', 2),
       (19, 'Покращення концентрації', 3),
       (20, 'Спокій і зосередженість', 0),
       (20, 'Радість і ентузіазм', 1),
       (20, 'Тривога, дратівливість і зниження концентрації', 2),
       (20, 'Підвищена впевненість у собі', 3),
       (21, 'До покращення імунітету', 0),
       (21, 'До серцево-судинних захворювань та депресії', 1),
       (21, 'До підвищення продуктивності', 2),
       (21, 'До покращення сну', 3);

-- ─── Пам'ять (text 6, questions 22–27) ─────────────────────────────────────

INSERT INTO questions (id, text_id, question_text, correct_index)
VALUES (22, 6, 'Що таке пам''ять?', 2),
       (23, 6, 'Які існують види пам''яті?', 1),
       (24, 6, 'Чим відрізняється короткочасна пам''ять від довготривалої?', 2),
       (25, 6, 'Від чого залежить пам''ять?', 3),
       (26, 6, 'Які фактори покращують запам''ятовування?', 1),
       (27, 6, 'Що може призвести до порушення пам''яті?', 2);

INSERT INTO question_options (question_id, option_text, sort_order)
VALUES (22, 'Здатність передбачати майбутнє', 0),
       (22, 'Навичка швидкого читання', 1),
       (22, 'Здатність зберігати, відтворювати та використовувати інформацію', 2),
       (22, 'Вид уваги', 3),
       (23, 'Візуальна, слухова і тактильна', 0),
       (23, 'Короткочасна, довготривала та оперативна', 1),
       (23, 'Швидка і повільна', 2),
       (23, 'Рання і пізня', 3),
       (24, 'Вони однакові', 0),
       (24, 'Короткочасна зберігає інформацію довше', 1),
       (24, 'Довготривала може зберігати дані протягом усього життя', 2),
       (24, 'Короткочасна є точнішою', 3),
       (25, 'Від кольору очей', 0),
       (25, 'Від зросту', 1),
       (25, 'Від погоди', 2),
       (25, 'Від уваги, емоційного стану та повторення', 3),
       (26, 'Монотонне читання без повторень', 0),
       (26, 'Часте повторення та емоційна значущість подій', 1),
       (26, 'Уникнення будь-яких емоцій', 2),
       (26, 'Мінімальна концентрація уваги', 3),
       (27, 'Регулярні фізичні вправи', 0),
       (27, 'Здоровий сон', 1),
       (27, 'Вік, стрес або захворювання', 2),
       (27, 'Здорове харчування', 3);

-- ─── Емоції (text 7, questions 28–33) ──────────────────────────────────────

INSERT INTO questions (id, text_id, question_text, correct_index)
VALUES (28, 7, 'Що таке емоції?', 1),
       (29, 7, 'Які існують види емоцій?', 2),
       (30, 7, 'Які основні емоції виділяють?', 1),
       (31, 7, 'Як емоції впливають на організм?', 2),
       (32, 7, 'Як емоції пов''язані з мисленням?', 2),
       (33, 7, 'Чому важливо контролювати емоції?', 1);

INSERT INTO question_options (question_id, option_text, sort_order)
VALUES (28, 'Фізичні вправи для мозку', 0),
       (28, 'Психічні процеси, що відображають ставлення людини до подій', 1),
       (28, 'Вид пам''яті', 2),
       (28, 'Логічні умовиводи', 3),
       (29, 'Лише позитивні', 0),
       (29, 'Лише негативні', 1),
       (29, 'Позитивні та негативні, короткочасні та тривалі', 2),
       (29, 'Тільки короткочасні', 3),
       (30, 'Спокій, байдужість, розум', 0),
       (30, 'Радість, страх, гнів, сум і здивування', 1),
       (30, 'Тільки радість і сум', 2),
       (30, 'Увага і концентрація', 3),
       (31, 'Не впливають ніяк', 0),
       (31, 'Лише покращують здоров''я', 1),
       (31, 'Викликають зміну серцебиття або дихання', 2),
       (31, 'Впливають виключно на зір', 3),
       (32, 'Вони повністю незалежні', 0),
       (32, 'Емоції не впливають на мислення', 1),
       (32, 'Емоції впливають на мислення та пам''ять', 2),
       (32, 'Мислення повністю контролює емоції', 3),
       (33, 'Щоб пригнічувати всі почуття', 0),
       (33, 'Щоб уникати конфліктів і приймати раціональні рішення', 1),
       (33, 'Щоб не відчувати позитивних емоцій', 2),
       (33, 'Щоб збільшити кількість емоцій', 3);

-- ─── Самодисципліна (text 8, questions 34–39) ───────────────────────────────

INSERT INTO questions (id, text_id, question_text, correct_index)
VALUES (34, 8, 'Що таке самодисципліна?', 1),
       (35, 8, 'Які риси мають дисципліновані люди?', 1),
       (36, 8, 'Як формується самодисципліна?', 2),
       (37, 8, 'Які методи допомагають розвивати самодисципліну?', 2),
       (38, 8, 'До чого призводить відсутність самодисципліни?', 1),
       (39, 8, 'Чому самодисципліна важлива?', 2);

INSERT INTO question_options (question_id, option_text, sort_order)
VALUES (34, 'Уникнення будь-яких рішень', 0),
       (34, 'Здатність контролювати поведінку для досягнення довгострокових цілей', 1),
       (34, 'Стан повного розслаблення', 2),
       (34, 'Вид зовнішнього контролю', 3),
       (35, 'Вони уникають будь-якого планування', 0),
       (35, 'Вони відкладають задоволення заради майбутніх результатів', 1),
       (35, 'Вони ніколи не відпочивають', 2),
       (35, 'Вони не мають цілей', 3),
       (36, 'Вона є вродженою і не розвивається', 0),
       (36, 'Через пасивне спостереження за іншими', 1),
       (36, 'Через звички, самоконтроль і мотивацію', 2),
       (36, 'Автоматично без жодних зусиль', 3),
       (37, 'Уникнення будь-яких цілей', 0),
       (37, 'Хаотичний розпорядок дня', 1),
       (37, 'Регулярні тренування та постановка цілей', 2),
       (37, 'Відмова від будь-якого планування', 3),
       (38, 'До підвищення ефективності', 0),
       (38, 'До прокрастинації та невиконання завдань', 1),
       (38, 'До кращих результатів', 2),
       (38, 'До більшої творчості', 3),
       (39, 'Вона не важлива для успіху', 0),
       (39, 'Вона обмежує особисту свободу', 1),
       (39, 'Вона є важливим фактором успіху в навчанні та роботі', 2),
       (39, 'Вона замінює мотивацію', 3);

-- ─── Увага (text 9, questions 40–45) ────────────────────────────────────────

INSERT INTO questions (id, text_id, question_text, correct_index)
VALUES (40, 9, 'Що таке увага?', 1),
       (41, 9, 'Які існують види уваги?', 2),
       (42, 9, 'Від чого залежить рівень уваги?', 3),
       (43, 9, 'Як втома впливає на увагу?', 2),
       (44, 9, 'Як можна розвивати увагу?', 1),
       (45, 9, 'Чому увага важлива?', 3);

INSERT INTO question_options (question_id, option_text, sort_order)
VALUES (40, 'Вид короткочасної пам''яті', 0),
       (40, 'Здатність зосереджуватися на певних об''єктах або діяльності', 1),
       (40, 'Особливий емоційний стан', 2),
       (40, 'Вид фізичної активності', 3),
       (41, 'Пасивна та активна', 0),
       (41, 'Зорова та слухова', 1),
       (41, 'Довільна, мимовільна та післядовільна', 2),
       (41, 'Довга та коротка', 3),
       (42, 'Лише від генетики', 0),
       (42, 'Від погоди', 1),
       (42, 'Від зросту людини', 2),
       (42, 'Від інтересу, мотивації та фізичного стану', 3),
       (43, 'Покращує концентрацію', 0),
       (43, 'Не має жодного впливу', 1),
       (43, 'Знижує рівень концентрації уваги', 2),
       (43, 'Збільшує здатність до уваги', 3),
       (44, 'Через постійне відволікання', 0),
       (44, 'Через тренування, медитацію та організацію середовища', 1),
       (44, 'Через тривалий пасивний відпочинок', 2),
       (44, 'Через уникнення складних завдань', 3),
       (45, 'Вона не має практичного значення', 0),
       (45, 'Вона важлива лише для дітей', 1),
       (45, 'Вона замінює пам''ять', 2),
       (45, 'Вона дозволяє ефективно обробляти інформацію та виконувати завдання', 3);

-- ─── Навчання (text 10, questions 46–51) ────────────────────────────────────

INSERT INTO questions (id, text_id, question_text, correct_index)
VALUES (46, 10, 'Що таке навчання?', 1),
       (47, 10, 'Які існують методи навчання?', 1),
       (48, 10, 'Від чого залежить ефективність навчання?', 2),
       (49, 10, 'Чому важливе повторення матеріалу?', 1),
       (50, 10, 'Як сучасні технології впливають на навчання?', 2),
       (51, 10, 'Які фактори впливають на засвоєння матеріалу?', 3);

INSERT INTO question_options (question_id, option_text, sort_order)
VALUES (46, 'Вид фізичної активності', 0),
       (46, 'Процес отримання знань, умінь і навичок', 1),
       (46, 'Стан повного відпочинку', 2),
       (46, 'Вид розваги', 3),
       (47, 'Лише теоретичний', 0),
       (47, 'Практичний, теоретичний та змішаний', 1),
       (47, 'Лише практичний', 2),
       (47, 'Механічний і хімічний', 3),
       (48, 'Від кольору одягу', 0),
       (48, 'Від часу доби', 1),
       (48, 'Від мотивації, середовища та методів викладання', 2),
       (48, 'Від розміру аудиторії', 3),
       (49, 'Воно не має значення для навчання', 0),
       (49, 'Воно сприяє кращому засвоєнню матеріалу', 1),
       (49, 'Воно заважає навчанню', 2),
       (49, 'Воно замінює практику', 3),
       (50, 'Вони ускладнюють процес навчання', 0),
       (50, 'Вони не мають жодного впливу', 1),
       (50, 'Вони розширюють можливості та роблять навчання доступнішим', 2),
       (50, 'Вони лише відволікають учнів', 3),
       (51, 'Лише генетика людини', 0),
       (51, 'Лише вік учня', 1),
       (51, 'Лише тривалість навчання', 2),
       (51, 'Мотивація та індивідуальні особливості учня', 3);

-- ─── Звички (text 11, questions 52–57) ──────────────────────────────────────

INSERT INTO questions (id, text_id, question_text, correct_index)
VALUES (52, 11, 'Що таке звички?', 1),
       (53, 11, 'Як формуються звички?', 1),
       (54, 11, 'Які бувають звички?', 2),
       (55, 11, 'Чим відрізняються корисні звички від шкідливих?', 2),
       (56, 11, 'Як змінити звички?', 1),
       (57, 11, 'Чому звички важливі?', 3);

INSERT INTO question_options (question_id, option_text, sort_order)
VALUES (52, 'Свідомі рішення, прийняті щодня', 0),
       (52, 'Автоматизовані дії, що формуються повторенням', 1),
       (52, 'Вид короткострокової мотивації', 2),
       (52, 'Зовнішні умови поведінки', 3),
       (53, 'Через одноразову дію', 0),
       (53, 'Через повторення дій у певних умовах', 1),
       (53, 'Автоматично без будь-якого повторення', 2),
       (53, 'Через пасивне спостереження', 3),
       (54, 'Лише корисні', 0),
       (54, 'Лише шкідливі', 1),
       (54, 'Корисні та шкідливі', 2),
       (54, 'Лише нейтральні', 3),
       (55, 'Вони не відрізняються', 0),
       (55, 'Корисні є автоматичними, шкідливі — свідомими', 1),
       (55, 'Корисні сприяють розвитку, шкідливі можуть шкодити', 2),
       (55, 'Шкідливі звички завжди корисніші', 3),
       (56, 'Одним вольовим зусиллям за мить', 0),
       (56, 'Через час, мотивацію та системний підхід', 1),
       (56, 'Шляхом повного ігнорування', 2),
       (56, 'Без жодних зусиль само собою', 3),
       (57, 'Вони не впливають на поведінку', 0),
       (57, 'Вони заважають розвитку', 1),
       (57, 'Вони важливі лише в дитинстві', 2),
       (57, 'Вони значно впливають на поведінку та спосіб життя', 3);

-- ─── Критичне мислення (text 12, questions 58–63) ───────────────────────────

INSERT INTO questions (id, text_id, question_text, correct_index)
VALUES (58, 12, 'Що таке критичне мислення?', 1),
       (59, 12, 'Які риси мають люди з критичним мисленням?', 2),
       (60, 12, 'Чому критичне мислення важливе?', 2),
       (61, 12, 'Як критичне мислення допомагає приймати рішення?', 1),
       (62, 12, 'Як розвивати критичне мислення?', 2),
       (63, 12, 'Які навички пов''язані з критичним мисленням?', 1);

INSERT INTO question_options (question_id, option_text, sort_order)
VALUES (58, 'Вміння критикувати оточуючих', 0),
       (58, 'Здатність аналізувати інформацію та робити обґрунтовані висновки', 1),
       (58, 'Вид негативного мислення', 2),
       (58, 'Відмова від будь-яких переконань', 3),
       (59, 'Вони вірять усьому беззаперечно', 0),
       (59, 'Вони уникають будь-яких джерел інформації', 1),
       (59, 'Вони ставлять запитання та перевіряють факти', 2),
       (59, 'Вони покладаються лише на одне джерело', 3),
       (60, 'Воно не має практичного значення', 0),
       (60, 'Воно важливе лише для науковців', 1),
       (60, 'Воно є важливою навичкою в сучасному суспільстві', 2),
       (60, 'Воно ускладнює спілкування', 3),
       (61, 'Воно заважає прийняттю рішень', 0),
       (61, 'Воно допомагає уникати маніпуляцій та робити обґрунтовані висновки', 1),
       (61, 'Воно повністю замінює інтуїцію', 2),
       (61, 'Воно не пов''язане з прийняттям рішень', 3),
       (62, 'Через уникнення нової інформації', 0),
       (62, 'Через прийняття всього на віру', 1),
       (62, 'Через навчання, аналіз інформації та практику', 2),
       (62, 'Автоматично з часом без зусиль', 3),
       (63, 'Лише математичні навички', 0),
       (63, 'Логіка та аргументація', 1),
       (63, 'Лише мовні навички', 2),
       (63, 'Виключно фізичні навички', 3);

-- ─── Reset sequences ─────────────────────────────────────────────────────────

SELECT SETVAL('questions_id_seq',        (SELECT MAX(id) FROM questions));
SELECT SETVAL('question_options_id_seq', (SELECT MAX(id) FROM question_options));

