-- V3: Seed texts and questions from frontend data/texts.ts

INSERT INTO texts (id, title, content, difficulty)
VALUES (1, 'Прокрастинація',
        'У психології прокрастинація належить до акту заміни високопріоритетних дій або завдань низькопріоритетними, а отже, це відкладання важливих завдань на потім. Психологи часто називають таку поведінку механізмом подолання тривоги, пов''язаної з початком або виконанням будь-якого завдання чи рішення. Шрау, Пінард, Уодкінс та Олафсон запропонували три критерії поведінки, яку слід класифікувати як зволікання: вона повинна бути контрпродуктивною, пасивною та виснажливою. Прокрастинація може спричинити стрес, почуття провини та кризи, серйозну втрату особистої продуктивності, а також соціальне несхвалення через невиконання обов''язків чи зобов''язань. Ці почуття можуть сприяти подальшій прокрастинації. Хронічна прокрастинація може бути ознакою основного психологічного або фізіологічного розладу.',
        'medium'),
       (2, 'Нейропластичність мозку',
        'Нейропластичність — це здатність мозку змінювати свою структуру та функції протягом усього життя. Раніше вчені вважали, що мозок дорослої людини є статичним органом, нездатним до значних змін. Однак сучасні дослідження довели, що нервові клітини можуть формувати нові зв''язки та навіть регенеруватися. Цей процес відбувається під впливом навчання, досвіду та тренувань. Коли ми вивчаємо щось нове, між нейронами утворюються нові синаптичні зв''язки. Регулярне повторення зміцнює ці зв''язки, роблячи нові навички автоматичними. Це пояснює, чому практика так важлива для освоєння будь-якої діяльності. Медитація, фізичні вправи та інтелектуальні завдання стимулюють нейропластичність, допомагаючи зберегти когнітивні функції до старості.',
        'medium'),
       (3, 'Швидкочитання',
        'Швидкочитання — це набір методик, що дозволяють значно збільшити швидкість читання без втрати розуміння тексту. Середня людина читає зі швидкістю 200-300 слів на хвилину. Тренування можуть підвищити цей показник до 500-1000 слів. Основні техніки включають розширення периферійного зору, зменшення субвокалізації та групове сприйняття слів. Субвокалізація — це звичка промовляти слова подумки під час читання. Вона уповільнює процес, оскільки обмежує швидкість темпом внутрішнього голосу. Досвідчені швидкочитачі сприймають групи слів як цілісні образи. Регулярні вправи з таймером та спеціальними текстами допомагають розвинути цю навичку. Важливо поєднувати швидкість з розумінням — адже читання без осмислення не має сенсу.',
        'easy');

-- Correct sequence after explicit IDs
SELECT SETVAL('texts_id_seq', (SELECT MAX(id) FROM texts));

-- Questions for text 1 (Прокрастинація)
INSERT INTO questions (id, text_id, question_text, correct_index)
VALUES (1, 1, 'Що таке прокрастинація згідно з текстом?', 1),
       (2, 1, 'Скільки критеріїв зволікання запропонували дослідники?', 1),
       (3, 1, 'Що може спричинити прокрастинація?', 2);

INSERT INTO question_options (question_id, option_text, sort_order)
VALUES (1, 'Виконання завдань вчасно', 0),
       (1, 'Заміна високопріоритетних завдань низькопріоритетними', 1),
       (1, 'Механізм підвищення продуктивності', 2),
       (1, 'Спосіб планування часу', 3),
       (2, 'Два', 0),
       (2, 'Три', 1),
       (2, 'Чотири', 2),
       (2, 'П''ять', 3),
       (3, 'Підвищення енергії', 0),
       (3, 'Покращення настрою', 1),
       (3, 'Стрес та почуття провини', 2),
       (3, 'Соціальне схвалення', 3);

-- Questions for text 2 (Нейропластичність)
INSERT INTO questions (id, text_id, question_text, correct_index)
VALUES (4, 2, 'Що таке нейропластичність?', 1),
       (5, 2, 'Що відбувається коли ми вивчаємо щось нове?', 2),
       (6, 2, 'Що стимулює нейропластичність?', 1);

INSERT INTO question_options (question_id, option_text, sort_order)
VALUES (4, 'Захворювання мозку', 0),
       (4, 'Здатність мозку змінювати структуру та функції', 1),
       (4, 'Тип нервових клітин', 2),
       (4, 'Метод лікування', 3),
       (5, 'Нейрони руйнуються', 0),
       (5, 'Мозок зменшується', 1),
       (5, 'Утворюються нові синаптичні зв''язки', 2),
       (5, 'Нічого не змінюється', 3),
       (6, 'Тривалий сон', 0),
       (6, 'Медитація та фізичні вправи', 1),
       (6, 'Пасивний відпочинок', 2),
       (6, 'Споживання кави', 3);

-- Questions for text 3 (Швидкочитання)
INSERT INTO questions (id, text_id, question_text, correct_index)
VALUES (7, 3, 'Яка середня швидкість читання звичайної людини?', 1),
       (8, 3, 'Що таке субвокалізація?', 1),
       (9, 3, 'Як сприймають текст досвідчені швидкочитачі?', 2);

INSERT INTO question_options (question_id, option_text, sort_order)
VALUES (7, '50-100 слів на хвилину', 0),
       (7, '200-300 слів на хвилину', 1),
       (7, '500-700 слів на хвилину', 2),
       (7, '1000+ слів на хвилину', 3),
       (8, 'Читання вголос', 0),
       (8, 'Промовляння слів подумки під час читання', 1),
       (8, 'Техніка швидкочитання', 2),
       (8, 'Вправа для очей', 3),
       (9, 'По одному слову', 0),
       (9, 'По одній букві', 1),
       (9, 'Групи слів як цілісні образи', 2),
       (9, 'Тільки заголовки', 3);

SELECT SETVAL('questions_id_seq', (SELECT MAX(id) FROM questions));
SELECT SETVAL('question_options_id_seq', (SELECT MAX(id) FROM question_options));

